subject_id,take_id,n_samples,n_motion_frames,motion_pressure_ratio,speed_m_s_assumed_64hz,left_n_steps,right_n_steps,left_copy_r,right_copy_r,exclude_pressure,exclude_mocap
P1,M1,276,822,2.9782608695652173,1.334321647497696,6,7,0.9164847129622652,-0.21680562908646367,False,False
P1,M2,278,827,2.9748201438848922,1.3459498823431066,7,7,0.9133979895185342,-0.20071581858475152,False,False
P1,M3,281,839,2.98576512455516,1.3613852163222524,7,6,0.9021228585314316,-0.1202025813547121,False,False
P1,M4,272,811,2.9816176470588234,1.376170192876214,6,7,0.9060053251894904,-0.013843394531555505,False,False
P1,M5,280,832,2.9714285714285715,1.3477086537827034,4,6,0.9095428320021294,-0.201384657635387,False,False
P1,M6,274,815,2.9744525547445257,1.3964825426000396,5,6,0.8983723918298151,-0.22244628502218958,False,False
P1,M7,249,743,2.9839357429718874,1.4814815966664663,5,5,0.9178173523275162,-0.2163631643840513,False,False
P1,M8,311,927,2.9807073954983925,1.2224138198630479,7,8,0.9056936102051758,-0.029401981337777564,False,False
P1,M9,268,797,2.9738805970149254,1.3916081766420336,6,5,0.9027919729680166,-0.24139994317017924,False,False
P1,M10,278,829,2.9820143884892087,1.361058289496295,6,6,0.9080774643776105,-0.056838866283525094,False,False
P2,M1,302,902,2.986754966887417,1.2427188905081463,8,7,0.8947416737849762,-0.1270086808772301,False,False
P2,M2,299,890,2.9765886287625416,1.2347143367091495,7,5,0.9225432087568138,-0.11666974769809091,False,False
P2,M3,287,855,2.9790940766550524,1.277112075493827,7,6,0.8560347252284685,-0.03808932475619715,False,False
P2,M4,273,815,2.9853479853479854,1.3255173330004697,7,4,0.8825293142152325,-0.09618623547017525,False,False
P2,M5,293,874,2.9829351535836177,1.2277565966043704,7,4,0.9166875106216618,-0.06638275138365315,False,False
P2,M6,292,869,2.9760273972602738,1.2483943663351267,7,5,0.8566045126467701,-0.03538994898548091,False,False
P2,M7,287,852,2.9686411149825784,1.2318890600490235,7,5,0.8891865881694013,-0.029234102827278435,False,False
P2,M8,296,881,2.9763513513513513,1.208402858917738,7,5,0.8830631512211233,-0.14739143642027405,False,False
P2,M9,290,864,2.9793103448275864,1.238471105440387,8,5,0.8756227576739892,-0.13173156096500827,False,False
P2,M10,297,885,2.9797979797979797,1.20676035052537,7,5,0.822694418392795,-0.08214455213962002,False,False
P3,M1,248,738,2.975806451612903,1.385506082204737,5,4,0.9311715031860889,0.5027569142044717,False,False
P3,M2,255,761,2.984313725490196,1.329772663289436,7,4,0.9199816139587905,0.5214819898031179,False,False
P3,M3,264,788,2.984848484848485,1.3069045267159447,8,5,0.913307770249123,0.5040534613915155,False,False
P3,M4,243,720,2.962962962962963,1.3842605654613716,7,4,0.9235355121941763,0.5045318806999737,False,False
P3,M5,43,791,18.3953488372093,8.219241823057429,1,1,0.9211770174722909,0.6833198080060048,False,False
P3,M6,15,747,49.8,21.889893113639292,1,1,0.8037128380801662,0.8687742670713327,False,False
P3,M7,280,830,2.9642857142857144,1.3496220948840445,8,5,0.9193017319638379,0.5082692631747382,False,False
P3,M8,18,,,,1,1,0.924599331161294,-0.10542694243647303,False,True
P3,M9,250,745,2.98,1.3154562041846731,7,4,0.8840233015021599,0.6131113086153794,False,False
P3,M10,263,782,2.973384030418251,1.3260799408812016,7,4,0.9235192238314617,0.5425941656180775,False,False
P4,M1,348,1038,2.9827586206896552,1.050143387417175,8,4,0.9714275952245292,0.17259732744181303,False,False
P4,M2,380,1131,2.9763157894736842,1.0188887039304881,7,5,0.9743852122256954,0.1395229383354154,False,False
P4,M3,368,1095,2.9755434782608696,1.012380464505353,8,5,0.9715132208592225,0.13857026775228373,False,False
P4,M4,354,1053,2.9745762711864407,1.0535279132870672,8,5,0.9769645557979436,0.16511545155486598,False,False
P4,M5,327,974,2.978593272171254,1.0939142669806154,6,4,0.9641163571924174,0.11097512571607085,False,False
P4,M6,324,964,2.9753086419753085,1.0954085059346044,7,7,0.9674652694040828,0.1376634844579939,False,False
P4,M7,338,1005,2.973372781065089,1.0709185931863712,6,5,0.9376416876779703,0.17441390519169891,False,False
P4,M8,320,956,2.9875,1.111770539869529,5,6,0.9543623792739581,0.010072380408094835,False,False
P4,M9,335,1000,2.985074626865672,1.0617926520075436,6,5,0.9493789129002319,0.11212907743805647,False,False
P4,M10,317,946,2.9842271293375395,1.1091630824266319,7,4,0.9649109916329387,0.08905707664121108,False,False
P5,M1,321,952,2.965732087227414,1.1385709564298163,6,7,0.8201734600274088,0.47338235749845464,False,False
P5,M2,328,977,2.9786585365853657,1.112906280591844,6,8,0.8357238434388258,0.652484613708613,False,False
P5,M3,307,914,2.977198697068404,1.1562325853871647,6,9,0.8062492777777931,0.4619872154791664,False,False
P5,M4,298,888,2.9798657718120807,1.213512166130679,6,8,0.8309491244704434,0.7178094226241842,False,False
P5,M5,297,885,2.9797979797979797,1.1872011911996099,6,8,0.8186658764742776,0.603319488279251,False,False
P5,M6,307,914,2.977198697068404,1.1770497956332528,8,7,0.8670209269564529,0.6184630391010112,False,False
P5,M7,296,884,2.9864864864864864,1.2345545140880612,7,6,0.8210784918008789,0.5782692726654975,False,False
P5,M8,289,861,2.9792387543252596,1.258613188473168,7,8,0.8303450407369053,0.6898263210655653,False,False
P5,M9,289,860,2.9757785467128026,1.2652108849405241,5,7,0.8510677348501027,0.7421198734692953,False,False
P5,M10,293,872,2.9761092150170647,1.214643460869893,6,7,0.8406414549280585,0.6410219783367209,False,False
P6,M1,313,931,2.97444089456869,1.133159288692991,8,8,0.940764026351606,0.4564747352570973,False,False
P6,M2,325,970,2.9846153846153847,1.0771592914965895,8,9,0.9507386383226304,0.9671651471365383,False,False
P6,M3,377,1125,2.9840848806366047,0.971494373748592,9,9,0.9175797689600267,0.3557603265799314,False,False
P6,M4,370,1104,2.983783783783784,1.004063459271739,10,9,0.9321082836853702,0.4625392939026233,False,False
P6,M5,352,1051,2.9857954545454546,1.000274882228455,9,8,0.9225832266525227,0.4936213261474697,False,False
P6,M6,405,1209,2.9851851851851854,0.9483228716004591,9,9,0.9170079082570626,0.343658400390184,False,False
P6,M7,394,1176,2.984771573604061,0.968299109738332,10,9,0.9183642965142766,0.5577700922365306,False,False
P6,M8,389,1159,2.979434447300771,0.973288757745834,10,9,0.9010479968918091,0.26586926822662804,False,False
P6,M9,385,1152,2.9922077922077923,0.9599910425753573,9,8,0.9225809264304897,0.42914940331191836,False,False
P6,M10,409,1220,2.9828850855745723,0.9283187934831576,10,9,0.9124523808746527,0.49722379292614277,False,False
P7,M1,356,1061,2.980337078651685,1.058583541926196,6,9,0.9129336877257618,0.34134104808777765,False,False
P7,M2,348,1040,2.9885057471264367,1.1248835133769706,5,10,0.893684251819411,0.35581576896479833,False,False
P7,M3,351,1041,2.965811965811966,1.119499339072801,9,8,0.8825024302189284,0.28799751146712654,False,False
P7,M4,386,1148,2.9740932642487046,0.99495870035528,9,9,0.8742838641965969,0.039377737525972144,False,False
P7,M5,413,1232,2.983050847457627,0.9376101436060816,8,9,0.8979969790269682,0.19730073061485914,False,False
P7,M6,417,1246,2.988009592326139,0.922401386390266,10,11,0.870406528904925,0.09614263306496734,False,False
P7,M7,406,1213,2.9876847290640396,0.951176544590904,10,10,0.8734591421554034,0.03419007547750619,False,False
P7,M8,416,1243,2.987980769230769,0.913180623700395,9,9,0.8995697980213113,0.17278979249608775,False,False
P7,M9,415,1240,2.9879518072289155,0.8894376024348549,7,10,0.8639188398611436,0.26748849866465735,False,False
P7,M10,433,1295,2.9907621247113165,0.8830497705909551,8,11,0.8947934089333484,0.43554992442034174,False,False
P8,M1,328,981,2.9908536585365852,1.0784983375001032,6,8,0.9667271714146319,0.357372604772601,False,False
P8,M2,327,977,2.9877675840978593,1.1238531983522688,9,8,0.9622412257041139,0.4782785415803451,False,False
P8,M3,343,1020,2.9737609329446064,1.0869069017192472,9,9,0.9615201197995157,0.34771916136252723,False,False
P8,M4,331,981,2.9637462235649545,1.0647983791317541,8,8,0.9633761066751054,0.5201444346688928,False,False
P8,M5,336,1002,2.982142857142857,1.0754256792580679,8,7,0.9711869006942566,0.3949384841047274,False,False
P8,M6,331,981,2.9637462235649545,1.0553098103495808,7,8,0.9574224620815047,0.4774053273864459,False,False
P8,M7,325,970,2.9846153846153847,1.1059123142844147,7,7,0.9636217481865913,0.47013584823864935,False,False
P8,M8,311,928,2.9839228295819935,1.133980569351979,8,8,0.9678207324446433,0.48798896288208055,False,False
P8,M9,338,1006,2.9763313609467454,1.0807421437736509,8,8,0.9628099960589761,0.47542681057937614,False,False
P8,M10,311,924,2.9710610932475885,1.1061094748148315,8,8,0.9602607157187633,0.43298061600879506,False,False
P9,M1,292,871,2.982876712328767,1.234727827325264,4,8,0.9247204665243064,0.6245474280668053,False,False
P9,M2,304,906,2.9802631578947367,1.1854900541807807,6,8,0.9108625972628159,0.43547207633880664,False,False
P9,M3,307,916,2.98371335504886,1.191542719649197,5,8,0.8919142366233128,0.6263092076377352,False,False
P9,M4,304,906,2.9802631578947367,1.1973305173669757,6,8,0.8828462194880877,0.6415020588508555,False,False
P9,M5,279,829,2.971326164874552,1.2041304425598227,7,7,0.824644299134038,0.7045848785990937,False,False
P9,M6,280,836,2.9857142857142858,1.300254696985505,4,8,0.8773258714709787,0.5486195156454784,False,False
P9,M7,269,802,2.9814126394052045,1.2127714794643134,4,7,0.8619599017951591,0.5982739507193887,False,False
P9,M8,301,896,2.9767441860465116,1.1727880124648549,7,8,0.8720051781572183,0.6999029043144264,False,False
P9,M9,314,936,2.9808917197452227,1.1557129934448676,4,8,0.8917865742007622,0.608438762271828,False,False
P9,M10,306,911,2.977124183006536,1.1471026171543175,6,8,0.8653960432832215,0.6919676980079211,False,False
P10,M1,263,781,2.96958174904943,1.3510402478817962,6,7,0.8552706053149212,0.3019397108670936,False,False
P10,M2,255,756,2.9647058823529413,1.4042491115609497,7,7,0.8259683953119517,0.6011945146753583,False,False
P10,M3,254,753,2.9645669291338583,1.4564222746223696,7,7,0.8821629857736915,0.28552439645924754,False,False
P10,M4,255,760,2.980392156862745,1.4788091487575035,7,6,0.8812390853056649,0.311629120284486,False,False
P10,M5,237,706,2.978902953586498,1.4737892180695806,7,6,0.8623772200376923,0.25146707983256805,False,False
P10,M6,229,678,2.960698689956332,1.5114901216779275,7,5,0.9039939799237221,0.08651388057450367,False,False
P10,M7,254,756,2.9763779527559056,1.4619050536189906,7,7,0.7903401039459484,0.501772052879209,False,False
P10,M8,256,760,2.96875,1.434623249954929,7,7,0.8317930769740625,0.1247639144326165,False,False
P10,M9,253,750,2.964426877470356,1.4544875884487405,7,7,0.8149273191432411,0.3686931386370406,False,False
P10,M10,260,774,2.976923076923077,1.4335198483489073,7,7,0.8938231507261878,0.044035358361603404,False,False
P11,M1,227,677,2.9823788546255505,1.5351576696434983,4,6,0.962348102044258,0.4832130737317283,False,False
P11,M2,232,689,2.9698275862068964,1.564373351104434,5,4,0.965450746838698,0.4602539331573716,False,False
P11,M3,213,634,2.976525821596244,1.623039182732364,4,4,0.966925783544093,0.4743780550670528,False,False
P11,M4,202,600,2.9702970297029703,1.6550034859789033,3,5,0.9688932996938285,0.4979650034795578,False,False
P11,M5,240,713,2.970833333333333,1.555340929941026,6,6,0.9559570814805901,0.5442391254047098,False,False
P11,M6,215,638,2.9674418604651165,1.6122506054178751,4,5,0.9600229250347277,0.5223250034560395,False,False
P11,M7,224,666,2.9732142857142856,1.5724734281452708,6,5,0.9491850973055993,0.4740009360556702,False,False
P11,M8,215,639,2.972093023255814,1.6356433384223563,4,6,0.9621138703219566,0.5966990869303069,False,False
P11,M9,220,654,2.9727272727272727,1.6391978167324708,5,4,0.970904406259174,0.5401726326403363,False,False
P11,M10,210,626,2.980952380952381,1.65907078602378,5,6,0.9659997425756185,0.5914130944169694,False,False
P12,M1,209,623,2.9808612440191387,1.701425735026194,4,3,0.8929528875332656,0.450357918296018,False,False
P12,M2,209,623,2.9808612440191387,1.6992601970674257,4,3,0.8745995933203285,0.3409988913704367,False,False
P12,M3,206,608,2.9514563106796117,1.7054242900554921,4,3,0.9000688494656408,0.48599655014858717,False,False
P12,M4,204,609,2.985294117647059,1.68914604969162,5,4,0.8719706764871765,0.4585794464977337,False,False
P12,M5,210,621,2.9571428571428573,1.6867326304789994,6,3,0.8622968791833442,0.33237381939527183,False,False
P12,M6,202,601,2.9752475247524752,1.7171489997494909,5,3,0.9210608997429096,0.2969006337661516,False,False
P12,M7,235,697,2.9659574468085106,1.6021830089381752,4,5,0.8633574089144204,0.5982139569461178,False,False
P12,M8,205,610,2.975609756097561,1.7108991190213034,4,4,0.8645756645585204,0.35487175950618155,False,False
P12,M9,219,653,2.9817351598173514,1.6340829377741442,4,3,0.885776360863488,0.44016568013242197,False,False
P12,M10,205,610,2.975609756097561,1.728934408972848,4,4,0.8714703727724714,0.5346393671798239,False,False
P13,M1,,,,,,,,,True,True
P13,M2,282,839,2.975177304964539,1.299014882652106,5,6,0.8535600033759643,0.30973167570907184,False,False
P13,M3,268,798,2.9776119402985075,1.3260933579787912,5,5,0.8878322972036046,0.2885357771318696,False,False
P13,M4,290,863,2.975862068965517,1.2595983492927136,4,6,0.871618878664019,0.22340792054806297,False,False
P13,M5,275,819,2.978181818181818,1.3551006752276251,4,7,0.8624565435193754,0.235154713124423,False,False
P13,M6,240,715,2.9791666666666665,1.4536043310158233,4,5,0.8976816595610131,0.2474805678751861,False,False
P13,M7,265,790,2.981132075471698,1.3886553018350514,4,8,0.8836319388555509,0.22221098231247377,False,False
P13,M8,144,774,5.375,2.5396062902471845,2,5,0.9194970618424537,0.07492255971404749,False,False
P13,M9,7,759,108.42857142857143,51.6518083134552,0,0,nan,nan,False,False
P13,M10,260,774,2.976923076923077,1.3905482255630564,4,5,0.8638175765029774,0.30557564073879845,False,False
P14,M1,334,996,2.9820359281437128,1.1124045839343064,9,9,0.9714885044857209,0.6543906122601914,False,False
P14,M2,336,1004,2.988095238095238,1.1267624504628326,9,8,0.9547297274811526,0.515390376688547,False,False
P14,M3,312,927,2.9711538461538463,1.064252770358018,7,7,0.9596607529762009,0.5785163036605829,False,False
P14,M4,313,934,2.984025559105431,1.1498793025339051,9,8,0.9610903189313295,0.5195314152191134,False,False
P14,M5,328,980,2.9878048780487805,1.116212848130469,9,8,0.9529141482900406,0.32432086409376226,False,False
P14,M6,336,1004,2.988095238095238,1.0785205185080837,8,8,0.963521371739909,0.5514748947909491,False,False
P14,M7,363,1085,2.9889807162534434,1.0460280483622892,9,9,0.9548526315903639,0.5705555699456183,False,False
P14,M8,338,1008,2.9822485207100593,1.0962587104227195,9,8,0.959131686582796,0.3917992114855463,False,False
P14,M9,320,955,2.984375,1.1110900655153597,9,6,0.9567125167657026,0.5564780636976656,False,False
P14,M10,337,1006,2.9851632047477743,1.1166841697219054,9,9,0.9482309772297343,0.47414375156027116,False,False
P15,M1,288,854,2.9652777777777777,1.3032485045778917,8,6,0.9173250743843561,0.198029160192377,False,False
P15,M2,296,882,2.97972972972973,1.2801831494802494,8,7,0.9536301047923864,0.16153089263990245,False,False
P15,M3,2,840,420.0,186.29399548062165,0,0,nan,nan,False,False
P15,M4,289,863,2.986159169550173,1.2546344427024163,8,6,0.9474044654972402,0.0691515599035094,False,False
P15,M5,306,910,2.973856209150327,1.2097750972571188,8,8,0.9484546215388308,0.12647396109176703,False,False
P15,M6,290,863,2.975862068965517,1.2568197510445156,8,5,0.9472754550471463,0.13584531903887553,False,False
P15,M7,298,890,2.9865771812080535,1.2179100819342124,8,8,0.937145196110411,-0.018812788629222244,False,False
P15,M8,302,902,2.986754966887417,1.2150348460158682,8,8,0.926145211312919,0.1813144331123588,False,False
P15,M9,320,954,2.98125,1.1695828334311824,9,7,0.9547584028012196,0.1015282055011411,False,False
P15,M10,308,917,2.977272727272727,1.184971795672031,9,7,0.9188258298586905,-0.01661551272473284,False,False
