model,data_source,validation_type,split,accuracy,balanced_accuracy,precision_macro,recall_macro,specificity_macro,macro_f1,weighted_f1,macro_f1_ci95_lo,macro_f1_ci95_hi,auroc_macro,pr_auc_macro,brier,ece,fold_macro_f1_mean,fold_macro_f1_std,n_windows,n_subjects
threshold_heuristic,synthetic,engineering_simulation,GroupKFold-subject,0.49691358024691357,0.49535218601292363,0.6123139387181337,0.49535218601292363,0.937116565266085,0.47971451202685866,0.48086920481331463,0.4598301677964287,0.4928722170094093,,,,,0.4749842666309584,0.03703560490547116,2592,24
majority,synthetic,engineering_simulation,GroupKFold-subject,0.11072530864197531,0.1094282038004676,0.024588477366255145,0.1094282038004676,0.8886755600904458,0.03998060677404628,0.04046399634605799,0.03638163505766875,0.043299723005938005,,,,,0.0221554442589501,0.00013355592654424182,2592,24
logreg,synthetic,engineering_simulation,GroupKFold-subject,0.8850308641975309,0.8846129873997054,0.8847408644622891,0.8846129873997054,0.9856357648412598,0.8845971882742668,0.8850328478733365,0.8729493692909518,0.8944384560951245,,,,,0.8852705676125632,0.01475559343574575,2592,24
decision_tree,synthetic,engineering_simulation,GroupKFold-subject,0.7854938271604939,0.7855784053740946,0.8222086507516178,0.7855784053740946,0.9732012322020888,0.7957848540920687,0.7960161610727922,0.7822201793608493,0.8116035618760957,,,,,0.7963349141594097,0.043155664528529016,2592,24
linear_svm,synthetic,engineering_simulation,GroupKFold-subject,0.8738425925925926,0.8733552105382727,0.8725388730735235,0.8733552105382727,0.9842382777049399,0.8727209306460951,0.8732314100379334,0.8588449433437413,0.884084500133141,,,,,0.8739551981464733,0.012725189676779197,2592,24
random_forest,synthetic,engineering_simulation,GroupKFold-subject,0.8344907407407407,0.8341878628609275,0.8429364811055066,0.8341878628609275,0.9793212320872132,0.8369588576750404,0.8373889420286821,0.8240827188025925,0.8506721156166585,,,,,0.8412475483596802,0.028477115225793506,2592,24
gbm,synthetic,engineering_simulation,GroupKFold-subject,0.8695987654320988,0.8692023660113727,0.871730404174689,0.8692023660113727,0.983707817504519,0.8701427304370215,0.870587453911354,0.8600894214697965,0.8810305902595795,,,,,0.8707045758307954,0.021711729048152953,2592,24
mlp,synthetic,engineering_simulation,GroupKFold-subject,0.8777006172839507,0.8771148449904188,0.8756636593614292,0.8771148449904188,0.9847172643284084,0.8759779016212503,0.8764545658027932,0.8637796477441485,0.8869177044745952,,,,,0.8755882956327621,0.015217873375370125,2592,24
hist_gbm,synthetic,engineering_simulation,GroupKFold-subject,0.8854166666666666,0.8850250893084906,0.8863116900834758,0.8850250893084906,0.9856848278323209,0.8854802508199078,0.8859210673802059,0.8746407541368676,0.8980149366535635,,,,,0.8853848387487989,0.025462370003090366,2592,24
